,"Black or
African
American",Population,percent
TOTAL,2197140,42748703,0.051396647
Murder and nonnegligent manslaughter,4347,42748703,0.000101687
Rape3,4907,42748703,0.000114787
Robbery,39052,42748703,0.000913525
Aggravated assault,92237,42748703,0.002157656
Burglary,48907,42748703,0.001144058
Larceny-theft,244722,42748703,0.005724665
Motor vehicle theft,17499,42748703,0.000409346
Arson,1519,42748703,0.000035533
Violent crime4,140543,42748703,0.003287655
Property crime4,312647,42748703,0.007313602
Other assaults,254600,42748703,0.005955736
Forgery and counterfeiting,14001,42748703,0.000327519
Fraud,31495,42748703,0.000736747
Embezzlement,4482,42748703,0.000104845
Stolen property,21783,42748703,0.000509559
Vandalism,39778,42748703,0.000930508
Weapons carrying possessing etc,44284,42748703,0.001035914
Prostitution and commercialized vice,12513,42748703,0.000292711
Sex offenses (except rape and prostitution),9058,42748703,0.000211889
Drug abuse violations,307140,42748703,0.007184779
Gambling,2028,42748703,0.00004744
Offenses against the family and children,21425,42748703,0.000501185
Driving under the influence,108590,42748703,0.002540194
Liquor laws,27742,42748703,0.000648955
Drunkenness,44676,42748703,0.001045084
Disorderly conduct,91716,42748703,0.002145469
Vagrancy,5143,42748703,0.000120308
All other offenses (except traffic),688146,42748703,0.016097471
Suspicion,297,42748703,0.000006948
Curfew and loitering law violations,15053,42748703,0.000352128
