,White arrest,Population,Percent
TOTAL,5753212,247813910,0.023215856
Murder and nonnegligent manslaughter,3908,247813910,0.00001577
Rape3,11809,247813910,0.000047653
Robbery,32439,247813910,0.000130901
Aggravated assault,184024,247813910,0.000742589
Burglary,112992,247813910,0.000455955
Larceny-theft,621585,247813910,0.002508273
Motor vehicle theft,40000,247813910,0.000161411
Arson,4952,247813910,0.000019983
Violent crime4,232180,247813910,0.000936913
Property crime4,779529,247813910,0.003145622
Other assaults,544870,247813910,0.002198706
Forgery and counterfeiting,27419,247813910,0.000110644
Fraud,67594,247813910,0.000272761
Embezzlement,7378,247813910,0.000029772
Stolen property,44561,247813910,0.000179816
Vandalism,101481,247813910,0.000409505
Weapons carrying possessing etc,63967,247813910,0.000258125
Prostitution and commercialized vice,17084,247813910,0.000068939
Sex offenses (except rape and prostitution),28650,247813910,0.000115611
Drug abuse violations,803809,247813910,0.003243599
Gambling,1296,247813910,0.00000523
Offenses against the family and children,47312,247813910,0.000190917
Driving under the influence,681628,247813910,0.002750564
Liquor laws,160772,247813910,0.000648761
Drunkenness,239556,247813910,0.000966677
Disorderly conduct,189321,247813910,0.000763964
Vagrancy,13247,247813910,0.000053455
All other offenses (except traffic),1683297,247813910,0.006792585
Suspicion,479,247813910,0.000001933
Curfew and loitering law violations,17782,247813910,0.000071755
